id,name,email,age,signup_date,country
114,JANE DAVIS,Jane.Davis47@example.com,24,2022-09-23,France
795,Alex Davis,Alex.Davis32@domain.co,47,2022-01-19,Brazil
780,Chris Anderson,Chris.Anderson86@example.com,73,2024-04-14,Australia
644,Sam Wilson,Sam.Wilson17@test.org,42,2024-09-03,Germany
243,Jordan Martinez,JORDAN.MARTINEZ67@SAMPLE.NET,62,2023-11-08,India
421,Casey Brown,CASEY.BROWN94@MAIL.COM,42,2024-01-07,UK
486,Casey Jones,Casey.Jones79@test.org,43,2022-01-21,Germany
271,Jordan Martinez,Jordan.Martinez20@example.com,57,2022-10-03,Australia
599,Casey Garcia,,28,2023-01-22,UK
658,taylor taylor,Taylor.Taylor39@sample.net,25,2020-09-02,Germany
983,Alex Johnson,,75,2020-06-11,Japan
865,Lee Martinez,LEE.MARTINEZ95@TEST.ORG,75,2025-02-21,UK
548,Jane Johnson,Jane.Johnson81@example.com,80,2021-06-24,Brazil
801,Drew Martinez,Drew.Martinez38@test.org,65,2024-05-31,Canada
563, Chris Garcia ,,34,2023-05-14,Brazil
811,Dana Williams,Dana.Williams52@example.com,30,2021-08-21,France
412,Jordan Martinez,Jordan.Martinez37@domain.co,44,2022-02-09,India
913,Jordan Thomas,,54,2024-10-30,Germany
559,JORDAN MILLER,Jordan.Miller28@sample.net,44,2024-12-17,Australia
783,alex davis,Alex.Davis63@example.com,55,2021-05-23,Canada
25,Pat Brown,,33,2024-02-22,Australia
771,John Wilson,John.Wilson87@mail.com,56,2022-06-28,India
864,Lee Taylor,Lee.Taylor2@domain.co,56,2022-03-24,India
505,Taylor Taylor,Taylor.Taylor5@test.org,79,2021-08-17,South Korea
10,Casey Rodriguez,Casey.Rodriguez69@test.org,39,2021-04-01,Australia
642,Lee Smith,,75,2024-09-04,Brazil
483,Pat Miller,Pat.Miller22@example.com,75,2023-10-19,Japan
26,Alex Garcia,Alex.Garcia2@domain.co,60,2021-02-28,UK
680,Avery Williams,Avery.Williams41@test.org,80,2025-01-28,Australia
322,Alex Smith,Alex.Smith2@example.com,71,2025-07-16,UK
921,Dana Davis,Dana.Davis18@sample.net,37,2023-06-03,India
424,Lee Williams,Lee.Williams9@domain.co,30,2025-07-30,Japan
601,Dana Jones,Dana.Jones12@sample.net,64,2021-07-29,Canada
985,Chris Hernandez,Chris.Hernandez34@example.com,35,2021-04-22,Germany
147,Lee Johnson,Lee.Johnson90@mail.com,50,2022-07-07,India
564,Jane Martinez,Jane.Martinez4@example.com,49,2020-09-30,South Korea
61,Avery Brown,Avery.Brown6@example.com,62,2021-06-01,Brazil
431,Drew Miller,Drew.Miller93@test.org,54,2022-05-26,France
636,Drew Thomas,Drew.Thomas87@example.com,19,2020-01-24,France
853,Drew Anderson,Drew.Anderson20@domain.co,49,2021-02-02,USA
14,Morgan Garcia,Morgan.Garcia70@mail.com,43,2024-03-09,Brazil
939,Robin Miller,Robin.Miller49@mail.com,54,2022-03-29,Canada
914,Sam Anderson,Sam.Anderson81@domain.co,46,2021-12-17,Australia
806,Jane Brown,Jane.Brown86@mail.com,79,2022-12-24,India
358, Pat Thomas ,Pat.Thomas11@test.org,65,2023-11-09,Canada
325,Taylor Hernandez,Taylor.Hernandez24@example.com,79,2025-02-12,Australia
799,Lee Davis,LEE.DAVIS68@DOMAIN.CO,46,2021-11-21,Japan
100,Morgan Smith,Morgan.Smith57@example.com,38,2021-08-30,India
990,Sam Martinez,Sam.Martinez38@sample.net,58,2024-05-25,South Korea
111,MORGAN JONES,,37,2022-05-15,UK
768,Morgan Williams,Morgan.Williams29@domain.co,56,2020-09-21,Germany
643,Jane Garcia,Jane.Garcia93@mail.com,46,2022-08-08,Japan
873,Taylor Taylor,TAYLOR.TAYLOR54@MAIL.COM,76,2024-08-25,USA
524,Casey Wilson,CASEY.WILSON79@MAIL.COM,30,2024-10-11,Germany
665,jane miller,Jane.Miller39@test.org,68,2021-08-08,UK
443,John Miller,,31,2022-05-17,Canada
95,Morgan Miller,MORGAN.MILLER16@SAMPLE.NET,31,2020-03-28,USA
730,Jane Johnson,Jane.Johnson21@mail.com,56,2021-02-15,UK
755,Morgan Wilson,MORGAN.WILSON51@TEST.ORG,28,2025-07-07,USA
109,Lee Miller,,28,2020-07-22,India
345,Drew Davis,Drew.Davis2@test.org,73,2024-12-19,Canada
126,Robin Rodriguez,Robin.Rodriguez17@domain.co,28,2022-01-10,South Korea
361,Chris Wilson,Chris.Wilson89@domain.co,54,2024-02-01,Germany
35,Dana Rodriguez,,45,2020-01-07,Japan
54,Pat Martinez,Pat.Martinez82@sample.net,45,2021-12-22,Japan
141,Chris Taylor,Chris.Taylor38@test.org,38,2023-04-25,Australia
464,Morgan Williams,Morgan.Williams59@sample.net,52,2020-01-24,South Korea
542,Avery Martinez,,45,2023-01-10,South Korea
171,Lee Jones,Lee.Jones68@mail.com,21,2021-02-14,France
320,Lee Martinez,Lee.Martinez78@mail.com,75,2021-03-05,Japan
670,Morgan Johnson,Morgan.Johnson73@domain.co,48,2025-08-20,USA
724,Lee Martinez,Lee.Martinez78@mail.com,76,2025-07-03,Brazil
598,Avery Davis,Avery.Davis31@example.com,19,2022-10-02,Australia
650,Drew Miller,Drew.Miller13@mail.com,39,2021-07-18,India
169,Casey Miller,Casey.Miller70@sample.net,43,2023-11-14,UK
295,Jordan Williams,Jordan.Williams73@example.com,73,2023-11-09,France
756,Jane Johnson,Jane.Johnson23@test.org,26,2022-03-22,Brazil
501,Casey Martinez,CASEY.MARTINEZ40@DOMAIN.CO,39,2020-02-14,Brazil
729,Taylor Anderson,Taylor.Anderson18@test.org,47,2025-06-08,Brazil
737,Taylor Smith,Taylor.Smith14@domain.co,77,2021-12-03,Australia
245,Robin Thomas,Robin.Thomas2@domain.co,46,2023-12-09,Canada
855,Jane Jones,Jane.Jones61@test.org,46,2021-07-29,India
867,Sam Anderson,Sam.Anderson45@mail.com,80,2020-02-28,Germany
959,Robin Taylor,Robin.Taylor55@example.com,53,2024-05-08,Australia
298,Avery Garcia,Avery.Garcia96@sample.net,38,2023-01-08,France
229,Jane Brown,Jane.Brown18@domain.co,29,2025-06-16,Japan
715,DREW JONES,Drew.Jones52@domain.co,18,2025-04-17,Japan
400,AVERY WILSON,Avery.Wilson81@example.com,39,2022-11-30,Germany
493,Chris Wilson,Chris.Wilson45@example.com,57,2025-09-21,France
814,John Martinez,John.Martinez24@test.org,41,2023-10-01,Australia
545,Sam Rodriguez,Sam.Rodriguez27@mail.com,75,2022-12-31,Japan
165,Casey Williams,Casey.Williams32@example.com,62,2021-03-26,Canada
390,Drew Wilson,Drew.Wilson29@mail.com,44,2023-12-17,Japan
807,Jordan Garcia,Jordan.Garcia52@domain.co,65,2024-05-11,UK
337,Casey Martinez,,65,2020-07-17,Japan
217,Chris Anderson,Chris.Anderson51@test.org,54,2022-03-29,South Korea
223,Casey Johnson,Casey.Johnson45@test.org,68,2022-04-27,Japan
419,jane davis,Jane.Davis77@mail.com,23,2022-10-15,UK
844,John Davis,John.Davis74@domain.co,32,2024-10-01,UK
997,Avery Rodriguez,Avery.Rodriguez53@mail.com,33,2020-02-25,USA
27,Chris Johnson,Chris.Johnson44@mail.com,72,2022-12-17,Japan
58,Pat Taylor,pat.taylor38mailcom,43,2022-09-23,Australia
47,sam jones,Sam.Jones22@sample.net,80,2020-04-20,France
331,Pat Brown,PAT.BROWN74@SAMPLE.NET,49,2025-01-05,Germany
982,Taylor Jones,Taylor.Jones34@domain.co,77,2022-08-06,Australia
743,Dana Thomas,,73,2025-07-06,India
99,Jane Anderson,JANE.ANDERSON29@DOMAIN.CO,68,2023-05-20,Brazil
286,Dana Wilson,DANA.WILSON56@MAIL.COM,39,2022-04-21,Canada
164,Chris Taylor,Chris.Taylor84@domain.co,64,2020-07-29,South Korea
684,Casey Miller,,35,2024-01-05,Canada
510,Robin Martinez,Robin.Martinez89@mail.com,18,2020-02-04,India
886,Jordan Hernandez,Jordan.Hernandez50@sample.net,40,2024-03-11,India
789,Casey Johnson,Casey.Johnson81@test.org,62,2022-02-28,Germany
44,Casey Martinez,Casey.Martinez70@example.com,32,2024-04-17,UK
734,Morgan Martinez,MORGAN.MARTINEZ93@MAIL.COM,50,2021-03-17,Germany
306,Morgan Johnson,Morgan.Johnson84@test.org,51,2022-09-11,USA
64,Jordan Garcia,Jordan.Garcia8@domain.co,24,2022-05-01,Canada
603,Jane Taylor,Jane.Taylor31@sample.net,24,2021-12-18,Canada
554,Chris Johnson,CHRIS.JOHNSON41@MAIL.COM,65,2025-09-09,Germany
573,Jane Hernandez,Jane.Hernandez78@mail.com,30,2022-01-26,Germany
39,Casey Taylor,Casey.Taylor82@domain.co,70,2022-08-20,Australia
494,Avery Williams,avery.williams72testorg,25,2023-03-01,USA
206,Jane Garcia,Jane.Garcia68@example.com,75,2025-05-01,Australia
238,Casey Williams,Casey.Williams99@example.com,65,2023-02-13,Germany
916,Jane Davis,Jane.Davis2@sample.net,27,2025-03-25,UK
787,Drew Miller,Drew.Miller5@mail.com,72,2022-05-31,UK
926,Dana Johnson,Dana.Johnson75@domain.co,21,2022-04-19,Japan
396,LEE SMITH,Lee.Smith34@mail.com,33,2023-01-08,Brazil
139,Drew Jones,Drew.Jones25@test.org,67,2020-07-14,Germany
672,Dana Smith,dana.smith68testorg,42,2022-11-19,India
541,avery wilson,Avery.Wilson52@mail.com,41,2025-03-16,USA
934,Taylor Hernandez,Taylor.Hernandez93@domain.co,63,2021-07-27,Australia
960,Avery Rodriguez,Avery.Rodriguez49@sample.net,77,2022-09-02,UK
969,drew williams,Drew.Williams95@domain.co,63,2023-11-10,Canada
938,Robin Davis,,65,2020-10-25,Brazil
447,Lee Johnson,Lee.Johnson59@domain.co,19,2020-06-11,Canada
552,Dana Hernandez,Dana.Hernandez86@mail.com,25,2020-06-17,Germany
154,Drew Martinez,Drew.Martinez52@test.org,62,2020-09-02,UK
808,Jane Johnson,,61,2022-08-26,USA
309,Chris Thomas,Chris.Thomas95@test.org,53,2022-01-19,Germany
62,JANE THOMAS,Jane.Thomas33@sample.net,22,2024-06-29,Brazil
588,Chris Garcia,Chris.Garcia8@example.com,26,2024-02-09,Germany
683,John Hernandez,John.Hernandez77@test.org,71,2020-02-04,India
776,Robin Davis,ROBIN.DAVIS71@SAMPLE.NET,38,2020-08-09,Australia
558,Pat Davis,Pat.Davis47@sample.net,72,2024-10-17,Germany
965,Avery Garcia,Avery.Garcia15@example.com,50,2024-12-08,South Korea
887,Casey Williams,Casey.Williams83@domain.co,19,2021-04-14,UK
187,Jane Williams,Jane.Williams97@example.com,47,2024-10-03,Japan
278,Taylor Anderson,,27,2021-08-03,India
977,Lee Rodriguez,Lee.Rodriguez78@domain.co,64,2020-07-04,India
654,Jordan Taylor,Jordan.Taylor74@example.com,80,2023-04-26,France
110,Chris Garcia,Chris.Garcia15@test.org,36,2025-06-16,Japan
966,Taylor Smith,Taylor.Smith3@test.org,20,2022-08-19,Germany
628,Taylor Taylor,Taylor.Taylor23@mail.com,73,2024-06-21,India
723,Drew Thomas,Drew.Thomas21@domain.co,37,2022-04-11,Japan
685,Jane Thomas,Jane.Thomas47@example.com,75,2022-05-06,USA
149,Jordan Anderson,Jordan.Anderson41@example.com,61,2023-11-12,UK
718,Lee Smith,Lee.Smith97@sample.net,62,2023-05-12,Germany
376,Pat Thomas,PAT.THOMAS79@DOMAIN.CO,68,2025-08-23,India
595,Taylor Brown,Taylor.Brown3@domain.co,54,2025-08-06,Canada
205,Morgan Thomas,Morgan.Thomas49@sample.net,21,2020-02-08,UK
597,Sam Miller,Sam.Miller53@test.org,76,2020-09-20,Canada
172,Taylor Anderson,Taylor.Anderson21@sample.net,74,2025-05-02,Brazil
129,Pat Davis,Pat.Davis83@sample.net,53,2021-02-24,Japan
717,Robin Johnson,ROBIN.JOHNSON58@DOMAIN.CO,26,2021-06-09,Australia
696,Dana Johnson,Dana.Johnson25@example.com,56,2020-10-03,South Korea
327,Jordan Hernandez,JORDAN.HERNANDEZ46@DOMAIN.CO,61,2021-06-19,Brazil
894,Jane Rodriguez,Jane.Rodriguez64@example.com,78,2021-02-24,USA
397,Dana Miller,Dana.Miller52@test.org,54,2021-06-21,South Korea
883,Pat Taylor,Pat.Taylor29@example.com,78,2021-06-02,Australia
481,Avery Johnson,Avery.Johnson3@domain.co,58,2022-05-09,Germany
702,Casey Anderson,CASEY.ANDERSON1@TEST.ORG,40,2020-05-02,Japan
701,Taylor Williams,Taylor.Williams82@mail.com,47,2022-05-23,Canada
910, avery brown ,Avery.Brown30@domain.co,66,2021-08-23,India
467,Avery Smith,Avery.Smith54@mail.com,36,2021-12-27,Brazil
800,Drew Brown,Drew.Brown64@sample.net,80,2021-04-08,Germany
135,CHRIS DAVIS,CHRIS.DAVIS68@TEST.ORG,51,2025-09-09,Japan
319,John Martinez,John.Martinez16@domain.co,62,2021-09-19,Canada
661,Lee Brown,Lee.Brown19@sample.net,23,2021-01-12,USA
260,Sam Garcia,Sam.Garcia70@mail.com,77,2024-08-06,USA
160,John Wilson,John.Wilson71@test.org,57,2021-05-01,UK
509,Morgan Miller,Morgan.Miller35@example.com,55,2024-05-21,Brazil
944,Jordan Anderson,Jordan.Anderson31@domain.co,50,2023-07-02,France
570,Casey Hernandez,Casey.Hernandez47@mail.com,74,2023-11-02,UK
49,Robin Hernandez,ROBIN.HERNANDEZ3@DOMAIN.CO,78,2023-12-04,Canada
75,Lee Jones,Lee.Jones25@domain.co,74,2021-07-13,India
901,Morgan Williams,Morgan.Williams58@domain.co,67,2024-06-27,Canada
329,Pat Rodriguez,Pat.Rodriguez85@sample.net,70,2020-08-11,USA
532,Morgan Miller,Morgan.Miller6@example.com,77,2021-12-21,UK
512,Morgan Hernandez,Morgan.Hernandez78@mail.com,66,2022-01-26,India
317,Robin Brown,,32,2021-06-21,Canada
697,Robin Thomas,Robin.Thomas93@domain.co,33,2021-07-17,USA
272,Casey Davis,Casey.Davis83@domain.co,69,2020-03-20,France
839, SAM MILLER ,Sam.Miller15@example.com,41,2021-07-24,Australia
499,Chris Davis,,48,2024-02-18,India
233,Pat Johnson,Pat.Johnson97@example.com,46,2022-06-14,France
55,Morgan Jones,Morgan.Jones76@test.org,33,2020-12-20,Australia
709,Jane Williams,Jane.Williams60@mail.com,41,2025-06-02,Brazil
98,Jane Martinez,Jane.Martinez3@mail.com,26,2024-09-20,Japan
504,Pat Johnson,Pat.Johnson2@example.com,76,2021-09-11,Brazil
356,Taylor Hernandez,Taylor.Hernandez57@sample.net,60,2020-05-06,Brazil
290,ALEX GARCIA,ALEX.GARCIA20@EXAMPLE.COM,40,2024-08-22,South Korea
128,Pat Brown,Pat.Brown74@sample.net,36,2024-04-13,Japan
527,Jane Taylor,,49,2020-11-26,USA
420,Casey Johnson,Casey.Johnson46@mail.com,68,2021-03-15,UK
707,Sam Rodriguez,Sam.Rodriguez6@domain.co,72,2023-04-19,UK
992,Jane Williams,Jane.Williams62@sample.net,61,2022-08-19,USA
373,MORGAN RODRIGUEZ,Morgan.Rodriguez52@domain.co,58,2020-03-17,Australia
378,Jordan Miller,Jordan.Miller99@sample.net,69,2021-02-04,France
81,John Wilson,John.Wilson56@example.com,63,2021-02-15,Brazil
159,Drew Thomas,Drew.Thomas34@test.org,41,2020-07-04,France
423,Avery Thomas,Avery.Thomas34@domain.co,18,2025-09-03,France
899,Robin Anderson,Robin.Anderson32@mail.com,22,2025-07-18,USA
456,Robin Smith,Robin.Smith27@example.com,79,2024-12-04,South Korea
682,Casey Smith,Casey.Smith98@sample.net,68,2020-11-13,Japan
669,Pat Smith,Pat.Smith91@example.com,68,2023-06-19,Japan
460,Avery Martinez,Avery.Martinez90@domain.co,44,2023-08-17,Brazil
362,JORDAN WILLIAMS,Jordan.Williams47@mail.com,39,2025-05-19,Brazil
805,Drew Williams,Drew.Williams18@test.org,18,2024-01-11,Canada
694,John Hernandez,JOHN.HERNANDEZ8@DOMAIN.CO,72,2024-04-11,France
753,Jane Taylor,Jane.Taylor11@domain.co,74,2024-09-28,UK
385,John Taylor,John.Taylor67@test.org,68,2025-09-22,Japan
180,Drew Hernandez,Drew.Hernandez48@domain.co,79,2021-07-01,Brazil
826,Casey Brown,Casey.Brown59@mail.com,29,2022-02-12,South Korea
791,Chris Johnson,Chris.Johnson43@test.org,69,2022-07-13,Australia
719,dana smith,Dana.Smith73@domain.co,54,2024-05-20,France
123,Jane Wilson,Jane.Wilson17@domain.co,23,2023-06-22,Japan
943,Dana Johnson,DANA.JOHNSON70@TEST.ORG,70,2023-04-02,Australia
468,lee wilson,Lee.Wilson9@sample.net,22,2023-04-14,Brazil
971,Lee Johnson,Lee.Johnson57@test.org,71,2023-04-15,Canada
881,Morgan Davis,Morgan.Davis2@mail.com,58,2020-05-08,India
872,Sam Brown,Sam.Brown45@sample.net,70,2024-06-09,USA
450,Alex Miller,Alex.Miller79@mail.com,54,2021-09-17,France
404,Morgan Davis,Morgan.Davis58@sample.net,72,2020-04-04,UK
994,Morgan Miller,Morgan.Miller63@mail.com,70,2020-07-05,Australia
432,Robin Rodriguez,Robin.Rodriguez93@example.com,56,2020-03-07,Japan
436,Lee Taylor,Lee.Taylor56@sample.net,25,2022-07-17,South Korea
776,Robin Davis,ROBIN.DAVIS71@SAMPLE.NET,38,2020-08-09,Australia
257,john smith,John.Smith23@example.com,76,2024-09-13,Canada
221,MORGAN WILSON,MORGAN.WILSON56@EXAMPLE.COM,34,2022-06-28,Japan
619,Jordan Jones,Jordan.Jones23@test.org,49,2023-10-21,Brazil
16,Sam Smith,Sam.Smith10@domain.co,60,2025-06-11,Canada
254,john anderson,John.Anderson93@test.org,26,2023-01-05,India
446,Jordan Martinez,jordan.martinez84samplenet,32,2024-04-08,Japan
738,Jane Wilson,Jane.Wilson18@test.org,66,2023-07-26,Brazil
591,Dana Rodriguez,Dana.Rodriguez49@domain.co,54,2021-02-04,Brazil
410,Chris Garcia,Chris.Garcia99@sample.net,56,2022-08-05,USA
526,Dana Williams,Dana.Williams71@mail.com,77,2020-06-15,UK
876,Pat Williams,Pat.Williams51@test.org,28,2023-08-13,Canada
854,Alex Taylor,Alex.Taylor13@sample.net,77,2023-04-25,UK
453,Robin Miller,Robin.Miller82@test.org,30,2021-03-13,UK
918,CASEY JONES,,26,2023-12-05,Australia
602,Jane Wilson,Jane.Wilson68@test.org,23,2022-09-02,South Korea
409,Casey Rodriguez,Casey.Rodriguez2@example.com,66,2021-07-12,Germany
173,Morgan Brown,,67,2021-01-01,South Korea
690,John Davis,,65,2022-07-13,France
148, Sam Taylor ,Sam.Taylor71@mail.com,23,2020-09-26,Australia
492,drew taylor,Drew.Taylor50@domain.co,30,2022-04-22,Germany
363,Casey Miller,Casey.Miller36@mail.com,30,2022-12-14,India
553,Dana Williams,Dana.Williams45@mail.com,52,2021-10-27,Japan
52,Dana Smith,Dana.Smith26@example.com,71,2022-09-21,India
827,Casey Anderson,Casey.Anderson88@domain.co,27,2020-10-22,France
847,Chris Johnson,Chris.Johnson21@domain.co,31,2020-02-14,Australia
23,Jane Hernandez,Jane.Hernandez73@domain.co,34,2022-04-16,Germany
351,Drew Martinez,Drew.Martinez15@sample.net,64,2023-03-04,USA
633,pat davis,,24,2025-09-22,France
300,Chris Anderson,chris.anderson25mailcom,71,2020-08-24,Canada
210,Morgan Jones,Morgan.Jones24@domain.co,23,2023-04-24,Canada
285,John Miller,John.Miller10@domain.co,80,2021-01-16,Germany
143,Morgan Martinez,MORGAN.MARTINEZ78@SAMPLE.NET,22,2022-08-24,Germany
51,Dana Brown,Dana.Brown92@example.com,28,2023-06-28,India
167,Taylor Martinez,Taylor.Martinez70@test.org,73,2022-12-18,South Korea
625,Robin Wilson,Robin.Wilson43@example.com,80,2021-05-14,France
531,Casey Taylor,Casey.Taylor61@sample.net,60,2020-06-25,USA
82,alex anderson,,40,2024-03-15,France
335,pat miller,Pat.Miller93@sample.net,57,2022-03-13,Canada
692,Sam Johnson,Sam.Johnson31@example.com,57,2024-12-01,India
908,Avery Hernandez,Avery.Hernandez59@mail.com,60,2025-04-27,France
67,Jane Rodriguez,Jane.Rodriguez40@domain.co,54,2023-03-28,Brazil
348,Alex Hernandez,Alex.Hernandez63@domain.co,22,2023-07-25,Japan
660,Dana Anderson,Dana.Anderson37@domain.co,63,2024-03-26,Japan
398,Morgan Brown,Morgan.Brown26@mail.com,65,2021-09-04,Brazil
593,Morgan Thomas,Morgan.Thomas39@domain.co,32,2021-01-11,South Korea
284,Drew Davis,Drew.Davis74@mail.com,22,2020-05-16,Australia
578,Lee Smith,Lee.Smith88@sample.net,44,2023-04-05,France
955,Taylor Hernandez,Taylor.Hernandez67@mail.com,53,2022-05-13,India
65,Chris Martinez,Chris.Martinez89@domain.co,20,2022-08-06,Australia
651,Avery Brown,Avery.Brown44@test.org,23,2022-12-25,Germany
265,Robin Taylor,Robin.Taylor69@test.org,31,2025-01-25,Australia
673,Jane Johnson,JANE.JOHNSON53@MAIL.COM,79,2023-08-25,UK
473,Morgan Brown,Morgan.Brown99@example.com,39,2023-10-30,France
508,Chris Williams,Chris.Williams41@domain.co,20,2021-02-02,Japan
21,Chris Davis,Chris.Davis25@test.org,21,2020-09-06,Germany
751,Morgan Davis,,70,2024-01-20,USA
963, avery williams ,,40,2025-05-20,Japan
700,Robin Johnson,Robin.Johnson43@domain.co,39,2023-05-12,France
297,Drew Hernandez,Drew.Hernandez3@test.org,37,2023-06-27,Australia
610,Robin Martinez,Robin.Martinez21@mail.com,80,2021-06-16,South Korea
999,Chris Anderson,CHRIS.ANDERSON35@EXAMPLE.COM,50,2024-08-28,USA
262,Sam Rodriguez,SAM.RODRIGUEZ36@EXAMPLE.COM,32,2024-08-18,Germany
656,Casey Martinez,Casey.Martinez84@sample.net,74,2023-05-20,India
500,Dana Garcia,Dana.Garcia97@test.org,23,2020-12-28,Canada
535,Alex Brown,Alex.Brown81@test.org,30,2023-10-07,UK
716,Robin Williams,Robin.Williams76@domain.co,64,2025-03-04,Germany
657,John Rodriguez,JOHN.RODRIGUEZ37@MAIL.COM,53,2023-07-02,Japan
830,Pat Anderson,Pat.Anderson57@mail.com,48,2021-09-24,Canada
189,robin hernandez,Robin.Hernandez77@example.com,20,2024-07-05,Brazil
252,Pat Hernandez,Pat.Hernandez84@example.com,45,2022-09-04,USA
72,Jane Taylor,Jane.Taylor53@example.com,41,2025-08-03,Brazil
740,Dana Taylor,Dana.Taylor8@mail.com,36,2022-04-07,UK
604,Chris Garcia,Chris.Garcia15@test.org,48,2022-10-06,Australia
340,Casey Taylor,Casey.Taylor90@domain.co,63,2022-06-09,Canada
953,Alex Wilson,Alex.Wilson27@sample.net,70,2024-01-02,Canada
368,John Martinez,John.Martinez6@example.com,38,2021-02-26,Japan
626,Taylor Wilson,,47,2025-05-19,Brazil
937,Jane Martinez,Jane.Martinez94@mail.com,74,2021-12-13,France
352,Drew Rodriguez,Drew.Rodriguez84@mail.com,23,2021-01-28,UK
620,Alex Johnson,Alex.Johnson17@sample.net,71,2023-02-24,Germany
786,morgan smith,Morgan.Smith69@sample.net,49,2023-07-05,Japan
837,Robin Davis,Robin.Davis82@test.org,78,2022-10-04,France
878,Morgan Martinez,Morgan.Martinez32@sample.net,60,2020-07-30,Australia
816,Sam Wilson,Sam.Wilson76@mail.com,46,2021-02-08,India
448,Drew Rodriguez,,61,2023-12-12,Germany
681,Sam Martinez,sam.martinez89mailcom,59,2020-01-09,South Korea
568,Avery Thomas,Avery.Thomas75@test.org,18,2021-07-14,Japan
781,morgan martinez,MORGAN.MARTINEZ66@MAIL.COM,54,2025-05-18,Australia
490,Morgan Martinez,Morgan.Martinez60@test.org,70,2024-12-28,UK
841,Lee Smith,Lee.Smith62@domain.co,19,2021-08-24,Germany
219,Alex Martinez,Alex.Martinez58@domain.co,43,2025-09-06,France
240,Jordan Thomas,Jordan.Thomas73@sample.net,75,2020-07-17,USA
993,Chris Jones,,67,2023-08-16,Australia
529,Pat Garcia,,29,2025-08-09,South Korea
193,Chris Thomas,Chris.Thomas72@domain.co,33,2022-11-10,Canada
485,Taylor Jones,Taylor.Jones97@sample.net,23,2025-04-02,India
192,Taylor Martinez,Taylor.Martinez49@mail.com,48,2022-09-14,Canada
515,Jordan Williams,Jordan.Williams14@sample.net,24,2020-05-22,India
366,Jordan Miller,Jordan.Miller22@domain.co,28,2022-01-03,South Korea
871,Dana Hernandez,Dana.Hernandez57@domain.co,20,2023-04-02,France
133,Sam Thomas,Sam.Thomas31@test.org,33,2024-09-15,South Korea
427,LEE JOHNSON,Lee.Johnson60@example.com,65,2024-08-30,Germany
253,Sam Johnson,,60,2021-12-20,India
675,Pat Taylor,PAT.TAYLOR9@SAMPLE.NET,58,2022-08-15,USA
516, Jane Wilson ,Jane.Wilson1@example.com,35,2021-09-12,Germany
264,Chris Jones,Chris.Jones58@test.org,78,2022-04-10,UK
71,Avery Williams,Avery.Williams71@example.com,38,2022-10-30,Germany
273,Robin Anderson,Robin.Anderson50@test.org,38,2022-06-16,USA
972,Taylor Brown,Taylor.Brown89@mail.com,79,2024-08-06,Germany
328,Drew Garcia,Drew.Garcia91@domain.co,54,2022-07-06,Germany
116,Drew Taylor,Drew.Taylor19@test.org,56,2021-09-18,India
324,Avery Jones,Avery.Jones6@example.com,60,2021-11-29,Germany
967,Jane Johnson,JANE.JOHNSON88@SAMPLE.NET,45,2023-03-05,UK
667,Avery Smith,Avery.Smith61@domain.co,26,2025-08-29,Brazil
454,Alex Smith,Alex.Smith30@mail.com,40,2020-11-21,Brazil
915,Drew Martinez,Drew.Martinez25@example.com,62,2023-11-07,South Korea
624,Taylor Johnson,Taylor.Johnson73@domain.co,80,2020-01-17,Japan
778,Jane Martinez,JANE.MARTINEZ22@EXAMPLE.COM,80,2025-04-24,UK
875,Jordan Brown,Jordan.Brown82@sample.net,29,2024-07-09,Germany
455,Alex Rodriguez,Alex.Rodriguez61@mail.com,32,2020-05-12,France
565,Lee Miller,Lee.Miller89@example.com,64,2020-03-12,Australia
846,Casey Miller,,41,2024-10-03,Canada
770,Jane Johnson,Jane.Johnson17@test.org,54,2020-01-07,Australia
279,Avery Rodriguez,Avery.Rodriguez13@test.org,26,2021-10-07,France
790,Dana Martinez,DANA.MARTINEZ56@SAMPLE.NET,56,2022-10-10,India
652,Lee Taylor,Lee.Taylor30@mail.com,44,2024-08-03,Brazil
3,Lee Davis,Lee.Davis13@test.org,56,2022-12-19,USA
230,Lee Hernandez,Lee.Hernandez41@sample.net,73,2024-01-10,USA
581,Dana Thomas,Dana.Thomas92@domain.co,66,2024-06-27,Germany
932,Chris Garcia,,59,2024-12-25,USA
511,John Davis,JOHN.DAVIS25@EXAMPLE.COM,23,2020-08-20,South Korea
861,Drew Taylor,,73,2020-04-03,France
200,Casey Williams,Casey.Williams70@example.com,71,2020-10-31,USA
372,Casey Martinez,casey.martinez6mailcom,54,2021-10-21,UK
863,Alex Thomas,Alex.Thomas26@test.org,48,2025-05-01,Japan
519,Avery Garcia,Avery.Garcia85@mail.com,42,2021-03-13,Germany
66,Lee Jones,Lee.Jones81@domain.co,77,2022-03-21,France
472,Casey Martinez,Casey.Martinez6@test.org,69,2022-05-19,USA
41, Casey Davis ,Casey.Davis14@sample.net,69,2025-03-17,USA
902,Jane Jones,Jane.Jones60@example.com,33,2020-03-08,Brazil
686,Sam Thomas,Sam.Thomas25@domain.co,56,2021-12-19,India
668,Robin Garcia,Robin.Garcia80@sample.net,75,2024-06-07,Germany
592,Jane Anderson,Jane.Anderson79@test.org,45,2022-04-06,Brazil
951,Jordan Anderson,,69,2020-03-02,Canada
566,Alex Wilson,Alex.Wilson35@test.org,76,2023-12-29,USA
274,Drew Taylor,Drew.Taylor30@mail.com,60,2022-09-14,Australia
919,Robin Thomas,Robin.Thomas19@mail.com,76,2020-11-26,Australia
631,Robin Davis,Robin.Davis44@sample.net,59,2021-09-27,Brazil
956,Taylor Anderson,TAYLOR.ANDERSON59@EXAMPLE.COM,71,2020-05-18,Australia
761,Avery Brown,,40,2023-09-14,India
178,Pat Miller,Pat.Miller32@example.com,33,2025-01-03,Australia
301,John Garcia,John.Garcia51@example.com,33,2024-03-05,Brazil
38,Dana Jones,Dana.Jones78@test.org,46,2022-05-25,Japan
488,Jane Davis,Jane.Davis69@sample.net,44,2022-09-04,South Korea
203,John Rodriguez,John.Rodriguez56@mail.com,24,2021-09-01,Canada
237,Robin Taylor,Robin.Taylor17@mail.com,38,2022-10-10,France
150,Drew Thomas,Drew.Thomas8@example.com,37,2021-11-05,UK
218,Pat Williams,Pat.Williams57@test.org,22,2024-08-02,Brazil
677,Robin Williams,ROBIN.WILLIAMS72@SAMPLE.NET,70,2025-03-18,South Korea
733,John Smith,John.Smith12@example.com,18,2023-10-12,Canada
663,Casey Martinez,Casey.Martinez21@mail.com,49,2025-02-17,UK
612,Jane Davis,Jane.Davis3@example.com,59,2022-07-25,India
408,Casey Williams,Casey.Williams82@domain.co,58,2023-06-22,Germany
303,Avery Wilson,Avery.Wilson84@sample.net,73,2020-02-06,Brazil
860,Lee Anderson,Lee.Anderson82@mail.com,20,2024-04-06,USA
214,Alex Jones,Alex.Jones62@example.com,78,2022-10-07,Brazil
984,Pat Taylor,Pat.Taylor74@sample.net,51,2021-05-31,Brazil
973,Jane Miller,Jane.Miller54@mail.com,70,2021-05-28,Japan
389,Chris Hernandez,Chris.Hernandez62@mail.com,79,2025-02-22,Brazil
418,Casey Martinez,Casey.Martinez31@sample.net,28,2023-02-04,South Korea
388, Dana Brown ,Dana.Brown72@example.com,39,2021-04-24,Japan
942,Avery Brown,Avery.Brown18@example.com,58,2024-03-20,India
391,Pat Smith,Pat.Smith44@example.com,29,2025-05-05,Germany
614,Lee Rodriguez,Lee.Rodriguez92@mail.com,73,2022-12-26,Australia
353,Robin Rodriguez,Robin.Rodriguez88@sample.net,31,2024-11-17,India
194,Taylor Martinez,Taylor.Martinez7@test.org,56,2020-06-10,India
236,Taylor Rodriguez,Taylor.Rodriguez35@domain.co,61,2021-01-25,UK
438,John Martinez,John.Martinez29@sample.net,43,2021-08-29,UK
838,Jordan Rodriguez,Jordan.Rodriguez75@sample.net,67,2022-06-17,India
56,Drew Garcia,drew.garcia42mailcom,49,2022-05-18,Germany
466,Morgan Rodriguez,,40,2020-05-30,UK
97,Sam Thomas,sam.thomas19mailcom,52,2022-10-23,UK
142,Casey Wilson,Casey.Wilson46@domain.co,35,2020-08-22,India
815,Jane Johnson,Jane.Johnson47@domain.co,41,2022-09-02,Australia
864,Lee Taylor,Lee.Taylor2@domain.co,56,2022-03-24,India
909,Taylor Smith,Taylor.Smith77@test.org,55,2020-01-05,Brazil
571,LEE JONES,Lee.Jones30@test.org,26,2020-11-17,France
121,Pat Martinez,Pat.Martinez21@test.org,36,2024-05-05,France
835,Morgan Miller,morgan.miller20mailcom,38,2021-08-28,France
874,John Smith,John.Smith43@mail.com,45,2022-09-17,Japan
63,Jane Wilson,Jane.Wilson32@example.com,44,2022-07-13,Japan
772,Jordan Smith,Jordan.Smith64@sample.net,36,2021-08-20,USA
452,Drew Taylor,Drew.Taylor93@example.com,71,2021-08-19,USA
415,Casey Anderson,Casey.Anderson51@example.com,29,2022-02-26,Australia
4,Lee Garcia,Lee.Garcia80@test.org,63,2020-10-11,USA
59,Morgan Wilson,Morgan.Wilson46@sample.net,34,2022-08-02,India
224,Casey Miller,CASEY.MILLER91@EXAMPLE.COM,39,2021-03-23,UK
617,Morgan Brown,Morgan.Brown8@example.com,33,2025-04-12,Germany
102,Avery Martinez,Avery.Martinez30@sample.net,47,2024-06-21,France
721,avery anderson,Avery.Anderson27@mail.com,51,2020-10-13,Brazil
222,Lee Rodriguez,Lee.Rodriguez87@domain.co,27,2023-11-13,USA
514,Alex Taylor,Alex.Taylor34@mail.com,49,2022-04-01,South Korea
5,Morgan Brown,Morgan.Brown59@test.org,40,2022-05-08,Australia
53,Lee Taylor,Lee.Taylor6@test.org,60,2024-02-26,India
18,Jordan Davis,Jordan.Davis52@test.org,24,2022-10-15,Canada
745,Alex Anderson,Alex.Anderson82@mail.com,68,2025-05-24,India
912,Chris Anderson,Chris.Anderson62@example.com,51,2020-03-25,UK
307,Robin Thomas,Robin.Thomas84@sample.net,34,2024-09-10,France
664,Lee Rodriguez,Lee.Rodriguez72@test.org,25,2024-07-31,India
156,Pat Johnson,Pat.Johnson38@sample.net,44,2022-10-13,UK
479,CASEY RODRIGUEZ,Casey.Rodriguez94@domain.co,38,2021-08-09,India
678,chris martinez,Chris.Martinez88@sample.net,71,2022-05-21,South Korea
762,John Garcia,john.garcia16domainco,35,2022-10-15,Germany
249,jane rodriguez,Jane.Rodriguez73@sample.net,61,2021-12-08,Brazil
250,ROBIN JOHNSON,,21,2024-06-18,Japan
359,Jordan Hernandez,Jordan.Hernandez25@example.com,69,2020-08-10,Japan
474,lee wilson,Lee.Wilson87@sample.net,69,2020-05-25,UK
431,Drew Miller,Drew.Miller93@test.org,54,2022-05-26,France
442,ALEX GARCIA,Alex.Garcia11@example.com,33,2021-08-27,Australia
818,Taylor Hernandez,Taylor.Hernandez68@domain.co,28,2023-01-27,UK
850,Lee Martinez,Lee.Martinez20@example.com,42,2025-05-07,South Korea
31,Lee Williams,Lee.Williams53@example.com,77,2023-09-22,France
282,Sam Martinez,Sam.Martinez41@mail.com,79,2020-12-29,Germany
676,Chris Rodriguez,Chris.Rodriguez39@domain.co,23,2025-08-11,Canada
970,Jordan Thomas,Jordan.Thomas10@mail.com,54,2024-09-08,Japan
118,Casey Johnson,Casey.Johnson10@test.org,20,2020-08-21,Germany
659,Chris Martinez,Chris.Martinez74@example.com,80,2022-08-25,South Korea
117,Alex Taylor,Alex.Taylor73@domain.co,80,2023-07-18,UK
858,Avery Johnson,Avery.Johnson60@example.com,47,2025-03-19,India
906,Jane Smith,Jane.Smith80@sample.net,24,2022-06-19,Australia
292,jordan hernandez,Jordan.Hernandez80@mail.com,66,2025-01-13,UK
28,Casey Jones,Casey.Jones1@test.org,58,2022-12-08,UK
382,Pat Rodriguez,Pat.Rodriguez18@example.com,46,2021-10-24,India
308,JORDAN ANDERSON,Jordan.Anderson29@domain.co,48,2024-01-08,Japan
506,Drew Thomas,Drew.Thomas57@mail.com,64,2023-11-14,USA
596,Morgan Thomas,Morgan.Thomas99@sample.net,64,2020-09-02,Japan
201,Robin Smith,robin.smith65samplenet,41,2020-09-04,South Korea
572,Lee Taylor,Lee.Taylor14@example.com,50,2020-08-30,Brazil
386,Lee Brown,Lee.Brown12@test.org,40,2024-06-06,France
714,Jane Johnson,Jane.Johnson96@test.org,56,2021-07-18,Japan
706,Pat Taylor,,27,2021-06-19,Canada
907,Casey Brown,Casey.Brown1@example.com,76,2025-05-06,Australia
797,Robin Miller,ROBIN.MILLER74@EXAMPLE.COM,36,2025-07-11,USA
893,DREW RODRIGUEZ,Drew.Rodriguez93@test.org,66,2023-11-17,France
315,Sam Smith,Sam.Smith17@example.com,55,2023-06-07,UK
784,Morgan Hernandez,,46,2023-07-11,India
281,Chris Anderson,CHRIS.ANDERSON51@DOMAIN.CO,56,2023-07-27,South Korea
954,Casey Anderson,Casey.Anderson35@test.org,50,2021-03-03,USA
758,Morgan Hernandez,Morgan.Hernandez36@example.com,55,2022-08-19,Brazil
354,Lee Martinez,LEE.MARTINEZ33@DOMAIN.CO,70,2022-07-21,Australia
645,Robin Garcia,Robin.Garcia86@sample.net,30,2021-10-02,South Korea
208,Drew Johnson,Drew.Johnson70@test.org,65,2021-07-27,India
380,Pat Johnson,Pat.Johnson14@mail.com,55,2022-11-04,Australia
766,Avery Martinez,Avery.Martinez62@domain.co,31,2021-11-29,India
413,Alex Williams,ALEX.WILLIAMS25@TEST.ORG,21,2020-03-31,UK
794,Robin Anderson,Robin.Anderson76@mail.com,61,2021-09-28,UK
24,Sam Jones,Sam.Jones10@example.com,54,2021-02-13,India
341,Sam Wilson,Sam.Wilson23@domain.co,58,2023-08-13,India
695,Jane Wilson,jane.wilson50samplenet,68,2024-10-19,South Korea
732,Sam Garcia,Sam.Garcia14@sample.net,46,2020-08-02,South Korea
155,Casey Davis,Casey.Davis94@test.org,26,2024-02-26,Japan
862,Chris Jones,Chris.Jones92@sample.net,51,2022-05-26,Australia
557,Taylor Smith,TAYLOR.SMITH26@EXAMPLE.COM,72,2024-12-29,India
948,Morgan Miller,morgan.miller8examplecom,67,2022-03-14,Japan
747,Robin Hernandez,Robin.Hernandez60@test.org,42,2025-05-23,India
923,Drew Martinez,DREW.MARTINEZ4@DOMAIN.CO,67,2024-09-20,India
323,Jane Taylor,Jane.Taylor38@test.org,24,2021-12-16,USA
543,Pat Wilson,Pat.Wilson8@domain.co,61,2024-01-30,USA
602,Jane Wilson,Jane.Wilson68@test.org,23,2022-09-02,South Korea
586,Taylor Thomas,Taylor.Thomas39@mail.com,26,2023-07-03,France
569,Chris Miller,Chris.Miller65@mail.com,68,2021-04-11,France
263,Casey Anderson,Casey.Anderson73@example.com,79,2021-06-19,Canada
458,Jane Garcia,Jane.Garcia95@example.com,51,2020-07-20,Canada
83,Alex Brown,Alex.Brown49@domain.co,49,2021-08-09,Canada
583,John Johnson,,29,2024-04-16,South Korea
465,Drew Garcia,Drew.Garcia77@example.com,53,2023-02-13,South Korea
964,Sam Davis,Sam.Davis9@sample.net,67,2023-02-05,Australia
334,Taylor Rodriguez,TAYLOR.RODRIGUEZ13@MAIL.COM,40,2023-04-10,Japan
11,Jordan Williams,Jordan.Williams23@domain.co,73,2023-05-07,Japan
471,Dana Wilson,Dana.Wilson30@test.org,18,2021-04-29,USA
33, Chris Thomas ,Chris.Thomas9@test.org,50,2024-06-25,Japan
849,taylor johnson,Taylor.Johnson25@test.org,64,2023-12-28,UK
879,jane hernandez,Jane.Hernandez77@example.com,36,2022-12-09,UK
383,Sam Rodriguez,Sam.Rodriguez21@sample.net,18,2021-01-08,UK
947,Jane Davis,Jane.Davis35@example.com,49,2025-09-10,Canada
995,Casey Davis,Casey.Davis79@domain.co,56,2020-03-22,USA
903,ALEX JONES,Alex.Jones11@test.org,27,2024-06-13,Japan
911,Jane Jones,Jane.Jones85@sample.net,47,2020-02-25,Germany
379,Alex Jones,Alex.Jones53@test.org,63,2020-01-30,South Korea
90,Robin Brown,Robin.Brown47@example.com,18,2022-12-19,Japan
214,Alex Jones,Alex.Jones62@example.com,78,2022-10-07,Brazil
840,Casey Williams,Casey.Williams29@example.com,25,2021-08-09,France
134,Casey Johnson,,50,2022-09-17,UK
347,Alex Anderson,ALEX.ANDERSON75@TEST.ORG,47,2021-09-26,USA
8,Jordan Hernandez,Jordan.Hernandez34@domain.co,55,2024-06-23,Germany
363,Casey Miller,Casey.Miller36@mail.com,30,2022-12-14,India
321,Lee Wilson,Lee.Wilson34@domain.co,40,2024-08-05,Australia
782,Lee Anderson,Lee.Anderson39@domain.co,38,2020-09-17,Japan
188,Jordan Thomas,JORDAN.THOMAS98@EXAMPLE.COM,60,2024-09-13,South Korea
305,Chris Brown,Chris.Brown66@test.org,56,2023-03-03,Australia
32,Robin Martinez,Robin.Martinez5@sample.net,70,2025-02-28,Germany
611,Morgan Davis,Morgan.Davis88@domain.co,69,2023-02-28,Canada
241,Jane Martinez,Jane.Martinez1@sample.net,62,2021-06-24,Australia
726,Sam Williams,Sam.Williams73@example.com,78,2020-06-27,Canada
175,Drew Anderson,,54,2021-03-15,Germany
246,Morgan Anderson,Morgan.Anderson13@mail.com,55,2024-04-21,Germany
57,Robin Jones,robin.jones25examplecom,33,2024-07-22,Brazil
750,Jordan Hernandez,Jordan.Hernandez93@test.org,49,2024-02-17,USA
146,Dana Jones,Dana.Jones23@sample.net,69,2023-08-02,Germany
91,Jane Garcia,Jane.Garcia48@example.com,48,2020-04-12,South Korea
393,Sam Brown,Sam.Brown11@sample.net,66,2020-06-22,Brazil
311,John Thomas,John.Thomas16@sample.net,44,2020-08-09,UK
360,Casey Martinez,Casey.Martinez63@test.org,60,2022-08-18,India
94,Morgan Johnson,Morgan.Johnson28@sample.net,33,2024-01-25,India
735,Taylor Rodriguez,Taylor.Rodriguez30@mail.com,38,2021-12-12,USA
749,Casey Davis,CASEY.DAVIS83@DOMAIN.CO,74,2020-06-08,India
377,Jane Garcia,,78,2024-11-02,Japan
244,Avery Davis,Avery.Davis14@test.org,37,2021-07-15,France
823,Morgan Miller,Morgan.Miller34@mail.com,57,2023-04-22,Germany
88,ROBIN GARCIA,Robin.Garcia54@mail.com,68,2024-02-07,Japan
215,Dana Wilson,Dana.Wilson80@sample.net,39,2024-12-08,Germany
980,Lee Wilson,Lee.Wilson67@domain.co,72,2024-10-13,Australia
174,Sam Rodriguez,Sam.Rodriguez23@example.com,43,2025-07-22,UK
426,Casey Brown,Casey.Brown90@domain.co,41,2022-06-23,South Korea
774,Robin Miller,Robin.Miller95@example.com,67,2022-01-03,Brazil
119,Avery Jones,Avery.Jones60@domain.co,68,2020-06-17,Brazil
120,Drew Taylor,Drew.Taylor58@example.com,71,2023-11-07,India
710,Casey Jones,Casey.Jones26@sample.net,43,2022-06-14,Australia
1,MORGAN JOHNSON,Morgan.Johnson70@example.com,20,2020-05-02,India
395,Pat Taylor,Pat.Taylor23@sample.net,62,2025-02-27,Germany
402,Taylor Miller,Taylor.Miller37@sample.net,27,2021-11-17,Germany
405,Lee Brown,LEE.BROWN14@EXAMPLE.COM,74,2025-04-22,Japan
615,Lee Garcia,Lee.Garcia94@mail.com,44,2021-08-20,USA
622,Pat Thomas,Pat.Thomas24@example.com,28,2025-03-28,France
163,Taylor Rodriguez,Taylor.Rodriguez48@test.org,80,2024-09-02,South Korea
115,Dana Davis,Dana.Davis22@example.com,25,2025-09-19,Canada
151,Taylor Hernandez,Taylor.Hernandez33@mail.com,53,2023-01-29,UK
587,Casey Taylor,Casey.Taylor61@domain.co,50,2020-08-16,France
579,Sam Thomas,Sam.Thomas87@sample.net,43,2024-11-29,Japan
725,CASEY WILSON,Casey.Wilson92@test.org,70,2021-12-18,France
369,Morgan Thomas,Morgan.Thomas49@test.org,75,2020-11-14,Japan
544,Jane Davis,Jane.Davis9@domain.co,31,2021-07-20,Germany
478,Casey Hernandez,Casey.Hernandez15@test.org,67,2022-04-07,India
533,Robin Smith,Robin.Smith42@sample.net,61,2023-08-27,Canada
986,Robin Johnson,Robin.Johnson59@domain.co,22,2023-07-13,USA
713,Sam Jones,Sam.Jones83@example.com,77,2022-07-21,India
957,Chris Wilson,Chris.Wilson64@example.com,42,2024-12-23,USA
259,Jane Hernandez,Jane.Hernandez2@test.org,54,2023-05-29,South Korea
900,Sam Smith,Sam.Smith76@domain.co,38,2023-07-01,Brazil
136,Pat Smith,Pat.Smith3@test.org,40,2022-09-14,India
925,JORDAN MARTINEZ,Jordan.Martinez8@test.org,59,2021-03-14,Germany
819,Chris Smith,Chris.Smith64@domain.co,80,2020-11-03,UK
796,Taylor Taylor,Taylor.Taylor30@test.org,23,2023-06-05,France
502,Casey Rodriguez,Casey.Rodriguez38@test.org,62,2023-05-30,South Korea
539,John Smith,John.Smith90@example.com,33,2020-12-06,Japan
653, Avery Rodriguez ,avery.rodriguez67examplecom,23,2023-10-17,Germany
582,Casey Martinez,Casey.Martinez14@example.com,49,2022-08-03,UK
344,ROBIN RODRIGUEZ,Robin.Rodriguez29@domain.co,50,2023-03-24,USA
674,John Anderson,JOHN.ANDERSON49@EXAMPLE.COM,33,2022-08-26,Brazil
621,Drew Davis,Drew.Davis41@sample.net,38,2025-07-05,UK
294,Jane Davis,Jane.Davis2@domain.co,68,2024-09-14,India
365,Drew Rodriguez,Drew.Rodriguez94@test.org,50,2025-09-21,India
627,morgan jones,Morgan.Jones42@domain.co,73,2020-07-18,Australia
15,Drew Rodriguez,,53,2022-07-31,South Korea
87,Robin Taylor,Robin.Taylor97@mail.com,75,2020-06-10,Australia
371,Alex Brown,Alex.Brown92@example.com,44,2023-09-14,India
166,John Garcia,John.Garcia61@example.com,51,2022-04-29,Japan
880,Jane Johnson,JANE.JOHNSON3@SAMPLE.NET,79,2020-11-08,Canada
336,Jane Hernandez,JANE.HERNANDEZ97@SAMPLE.NET,58,2021-05-19,Brazil
60,Lee Brown,Lee.Brown95@sample.net,55,2023-03-05,India
355,Jordan Davis,JORDAN.DAVIS1@DOMAIN.CO,65,2020-07-05,India
425,Alex Wilson,Alex.Wilson6@mail.com,20,2022-04-07,India
293,Alex Brown,Alex.Brown81@mail.com,34,2023-08-02,India
42,Pat Brown,Pat.Brown72@domain.co,66,2024-12-17,South Korea
330,Morgan Hernandez,Morgan.Hernandez63@test.org,80,2023-02-13,USA
430,Lee Martinez,Lee.Martinez85@mail.com,56,2024-12-19,Germany
80,Casey Taylor,Casey.Taylor87@domain.co,38,2025-06-21,Japan
29, Lee Garcia ,LEE.GARCIA20@DOMAIN.CO,41,2021-08-29,France
255,ROBIN HERNANDEZ,,63,2020-11-11,Brazil
748,Taylor Williams,,73,2025-08-12,Germany
459,Chris Garcia,Chris.Garcia79@example.com,75,2021-08-05,Brazil
384,Casey Hernandez,Casey.Hernandez93@sample.net,43,2023-03-19,South Korea
314,Dana Davis,Dana.Davis26@test.org,75,2023-08-12,Japan
85,Chris Martinez,Chris.Martinez62@example.com,54,2024-01-10,South Korea
575,Avery Wilson,AVERY.WILSON97@DOMAIN.CO,64,2021-02-08,Canada
137,Robin Wilson,Robin.Wilson23@sample.net,48,2022-01-16,UK
112,Robin Jones,Robin.Jones69@mail.com,71,2023-12-21,India
195,Sam Taylor,Sam.Taylor43@test.org,18,2022-05-17,Canada
179,Taylor Jones,Taylor.Jones86@example.com,28,2024-07-18,Japan
884,Chris Garcia,Chris.Garcia64@sample.net,43,2022-03-01,Australia
497,Lee Hernandez,Lee.Hernandez54@sample.net,62,2024-10-09,South Korea
130,Avery Johnson,Avery.Johnson56@example.com,32,2025-01-21,Germany
338,Drew Davis,Drew.Davis75@mail.com,26,2021-02-28,France
609,Lee Jones,Lee.Jones59@example.com,59,2022-01-22,Brazil
125,Taylor Smith,Taylor.Smith29@mail.com,36,2021-02-18,Japan
958,Sam Brown,Sam.Brown98@test.org,76,2023-10-09,Australia
227,Jane Taylor,Jane.Taylor63@domain.co,38,2024-05-10,South Korea
269,Morgan Martinez,Morgan.Martinez9@mail.com,46,2021-06-11,India
975,Alex Wilson,Alex.Wilson22@example.com,66,2025-04-08,India
998,Avery Smith,AVERY.SMITH37@TEST.ORG,58,2022-10-09,USA
104,Jane Anderson,Jane.Anderson43@example.com,73,2024-09-28,USA
594,Jane Wilson,Jane.Wilson10@test.org,37,2024-11-08,Japan
851,AVERY THOMAS,Avery.Thomas92@mail.com,69,2021-07-30,UK
897,Chris Miller,Chris.Miller75@sample.net,38,2021-08-29,South Korea
228,Jordan Wilson,Jordan.Wilson39@domain.co,61,2021-07-02,Germany
882,Taylor Miller,Taylor.Miller16@mail.com,52,2020-04-04,Japan
302,Dana Garcia,Dana.Garcia34@example.com,42,2020-07-22,UK
276,Sam Wilson,Sam.Wilson46@domain.co,54,2022-02-10,Brazil
127,Robin Hernandez,Robin.Hernandez57@domain.co,65,2025-01-12,Canada
406,John Smith,John.Smith11@sample.net,33,2023-03-09,Brazil
888,Robin Miller,Robin.Miller19@test.org,38,2020-02-14,Germany
37,Pat Jones,Pat.Jones86@sample.net,75,2021-12-13,South Korea
140,Chris Johnson,Chris.Johnson44@mail.com,49,2024-02-13,Japan
304, Drew Williams ,Drew.Williams40@test.org,42,2023-11-29,Brazil
268,Lee Rodriguez,lee.rodriguez29mailcom,30,2024-06-28,Germany
534,Robin Johnson,Robin.Johnson29@example.com,49,2020-08-10,France
546,Morgan Davis,Morgan.Davis16@sample.net,61,2023-04-12,Brazil
213,Dana Taylor,Dana.Taylor72@mail.com,28,2024-04-08,UK
469,Alex Johnson,Alex.Johnson79@example.com,64,2020-12-25,Brazil
199,Alex Brown,Alex.Brown88@test.org,70,2025-06-24,Brazil
528,John Williams,John.Williams99@sample.net,31,2021-08-09,Australia
792,John Johnson,John.Johnson23@domain.co,37,2025-06-28,India
242,Alex Thomas,ALEX.THOMAS84@MAIL.COM,58,2023-06-05,Canada
343,Jane Smith,Jane.Smith37@test.org,21,2023-04-23,Canada
550,Morgan Miller,Morgan.Miller90@domain.co,46,2025-02-18,Australia
387,Dana Brown,Dana.Brown72@domain.co,79,2023-02-06,Canada
857,Jane Martinez,Jane.Martinez83@example.com,33,2020-02-02,UK
207,John Hernandez,John.Hernandez41@example.com,55,2021-08-13,France
296,Chris Davis,Chris.Davis80@domain.co,43,2020-06-07,France
769,Jordan Hernandez,Jordan.Hernandez56@mail.com,25,2023-04-06,India
74,CHRIS RODRIGUEZ,Chris.Rodriguez16@mail.com,63,2023-04-10,Japan
744,Sam Smith,Sam.Smith27@mail.com,45,2025-03-28,Australia
105,Chris Wilson,Chris.Wilson14@test.org,41,2021-04-15,Australia
687,Dana Williams,Dana.Williams94@test.org,61,2020-04-04,Japan
708,Taylor Brown,Taylor.Brown63@mail.com,68,2025-04-11,South Korea
962,Chris Martinez,,37,2023-08-07,Australia
17,Pat Williams,PAT.WILLIAMS53@MAIL.COM,60,2024-10-31,Germany
440,Jordan Martinez,Jordan.Martinez35@sample.net,77,2021-01-01,India
92,Drew Rodriguez,Drew.Rodriguez90@test.org,25,2021-07-26,USA
89,Pat Hernandez,Pat.Hernandez38@test.org,47,2020-11-04,UK
451,Chris Hernandez,Chris.Hernandez88@mail.com,37,2021-07-07,France
103,Lee Johnson,LEE.JOHNSON61@EXAMPLE.COM,23,2021-01-16,France
239,casey garcia,Casey.Garcia59@test.org,68,2024-06-17,Canada
720,Sam Davis,SAM.DAVIS82@TEST.ORG,24,2021-12-28,USA
247,Jordan Miller,Jordan.Miller93@domain.co,78,2020-04-19,Australia
891,SAM BROWN,Sam.Brown58@mail.com,55,2024-04-17,Canada
158,Jordan Rodriguez,,36,2025-07-20,South Korea
480,Avery Rodriguez,AVERY.RODRIGUEZ67@EXAMPLE.COM,77,2020-06-29,South Korea
646,Casey Johnson,Casey.Johnson3@test.org,40,2021-10-11,UK
843,Jordan Anderson,Jordan.Anderson83@example.com,29,2025-08-23,UK
821,Casey Rodriguez,Casey.Rodriguez71@example.com,20,2022-09-02,Australia
19,Sam Rodriguez,SAM.RODRIGUEZ57@DOMAIN.CO,59,2020-03-01,India
978,Lee Hernandez,Lee.Hernandez38@sample.net,64,2022-01-21,South Korea
122,Robin Miller,Robin.Miller72@sample.net,64,2021-09-07,Germany
834,Jordan Rodriguez,Jordan.Rodriguez80@test.org,24,2023-01-15,Brazil
703,Jane Williams,Jane.Williams4@mail.com,29,2022-06-15,Australia
275,Pat Thomas,Pat.Thomas50@test.org,72,2021-12-12,UK
434,Dana Hernandez,Dana.Hernandez75@mail.com,69,2023-05-15,India
895,Sam Smith,SAM.SMITH29@MAIL.COM,64,2024-02-19,Japan
312,Alex Brown,Alex.Brown92@mail.com,49,2023-09-24,UK
757,Alex Rodriguez,Alex.Rodriguez24@mail.com,75,2024-08-01,Brazil
859,Jane Williams,Jane.Williams43@example.com,56,2025-06-14,Canada
547,Dana Miller,DANA.MILLER59@EXAMPLE.COM,75,2022-01-02,Australia
182,Casey Rodriguez,,53,2025-09-01,Canada
185,DANA JOHNSON,DANA.JOHNSON9@SAMPLE.NET,44,2022-01-07,UK
407, Morgan Williams ,Morgan.Williams42@sample.net,73,2023-01-20,Japan
607,Drew Hernandez,Drew.Hernandez21@sample.net,74,2024-07-22,USA
693,Morgan Garcia,,38,2020-09-23,UK
521,Jordan Johnson,Jordan.Johnson3@example.com,39,2020-06-24,France
381,Avery Rodriguez,Avery.Rodriguez53@domain.co,48,2022-01-02,Germany
411,Pat Miller,Pat.Miller83@sample.net,32,2022-12-13,India
635,robin williams,Robin.Williams93@sample.net,46,2022-12-21,Germany
370,Chris Davis,CHRIS.DAVIS62@DOMAIN.CO,74,2021-07-23,Brazil
809,Morgan Thomas,Morgan.Thomas63@example.com,33,2021-09-16,Japan
831,John Rodriguez,John.Rodriguez38@example.com,71,2024-08-28,UK
752,Lee Martinez,Lee.Martinez78@domain.co,71,2021-10-23,USA
79,Dana Miller,Dana.Miller93@mail.com,59,2021-09-24,India
574,John Johnson,John.Johnson65@domain.co,54,2020-10-06,India
638,Robin Jones,Robin.Jones25@example.com,59,2021-08-17,Canada
608,Chris Thomas,Chris.Thomas43@sample.net,70,2021-02-15,UK
793,Pat Miller,Pat.Miller22@test.org,42,2022-01-10,Germany
991,Taylor Rodriguez,Taylor.Rodriguez37@sample.net,38,2022-10-10,France
829,Avery Smith,AVERY.SMITH19@DOMAIN.CO,79,2020-02-08,India
922,Chris Wilson,Chris.Wilson13@mail.com,62,2023-07-07,Japan
417,Lee Taylor,Lee.Taylor42@mail.com,20,2021-05-15,Australia
741,Jordan Brown,Jordan.Brown43@mail.com,59,2020-06-11,Japan
562,Alex Rodriguez,Alex.Rodriguez38@domain.co,70,2023-05-21,South Korea
68,Jane Garcia,JANE.GARCIA11@DOMAIN.CO,45,2023-08-13,South Korea
537,Drew Williams,Drew.Williams28@domain.co,47,2023-02-17,USA
78,Taylor Anderson,Taylor.Anderson84@mail.com,20,2021-06-01,Japan
106,Dana Brown,DANA.BROWN83@DOMAIN.CO,77,2022-12-31,USA
456,Robin Smith,Robin.Smith27@example.com,79,2024-12-04,South Korea
779,John Johnson,JOHN.JOHNSON52@MAIL.COM,33,2024-06-12,Brazil
639,Jordan Thomas,JORDAN.THOMAS61@SAMPLE.NET,28,2021-09-16,Brazil
560,Alex Taylor,Alex.Taylor77@example.com,37,2025-04-28,Japan
759,casey martinez,Casey.Martinez6@example.com,68,2020-01-30,France
691,Jane Hernandez,Jane.Hernandez62@sample.net,55,2023-10-01,Australia
866,Casey Thomas,Casey.Thomas58@mail.com,58,2021-02-03,USA
936,Chris Williams,CHRIS.WILLIAMS9@EXAMPLE.COM,64,2021-10-13,Canada
868,AVERY MILLER,Avery.Miller84@sample.net,40,2023-12-13,Japan
736,Jordan Martinez,,70,2023-02-14,South Korea
777,Casey Martinez,Casey.Martinez28@mail.com,18,2024-01-23,South Korea
491,Chris Davis,CHRIS.DAVIS64@EXAMPLE.COM,70,2021-07-23,South Korea
996,Robin Davis,Robin.Davis84@example.com,41,2022-03-23,UK
917,Pat Jones,PAT.JONES2@SAMPLE.NET,36,2021-05-20,USA
606,Chris Rodriguez,Chris.Rodriguez69@mail.com,42,2020-02-02,France
364,Lee Johnson,Lee.Johnson99@domain.co,20,2022-12-03,Japan
70,Pat Martinez,Pat.Martinez12@sample.net,39,2023-08-08,India
549,Taylor Davis,,73,2022-08-09,Japan
161,Jane Davis,Jane.Davis78@domain.co,20,2020-07-04,USA
12,Dana Brown,Dana.Brown1@domain.co,19,2021-04-03,Germany
145, Taylor Martinez ,Taylor.Martinez72@example.com,34,2025-01-01,Canada
518,Jane Wilson,Jane.Wilson83@example.com,72,2023-10-24,India
428,Robin Anderson,Robin.Anderson10@mail.com,24,2021-02-18,Canada
640,CASEY GARCIA,Casey.Garcia51@example.com,24,2024-11-03,France
177, Lee Garcia ,Lee.Garcia87@mail.com,72,2024-07-18,France
441,Morgan Davis,morgan.davis40mailcom,40,2024-12-16,South Korea
522,Jane Brown,Jane.Brown20@domain.co,22,2020-05-31,UK
869,Jordan Rodriguez,Jordan.Rodriguez71@domain.co,45,2024-04-11,Australia
940,Chris Garcia,Chris.Garcia25@example.com,58,2021-01-29,Canada
689,Chris Johnson,Chris.Johnson29@example.com,44,2025-01-12,Germany
232,JANE WILSON,Jane.Wilson22@sample.net,67,2025-07-21,Japan
211,Lee Johnson,Lee.Johnson41@test.org,18,2023-06-16,Brazil
641,Avery Garcia,Avery.Garcia63@domain.co,57,2025-06-21,Canada
144,taylor davis,Taylor.Davis57@example.com,51,2024-02-12,France
754,Avery Davis,Avery.Davis40@sample.net,77,2020-12-30,India
520,Casey Johnson,,19,2022-09-03,Brazil
748,Taylor Williams,,73,2025-08-12,Germany
299,Dana Martinez,Dana.Martinez67@test.org,50,2021-10-13,India
767,jane davis,Jane.Davis36@mail.com,60,2025-05-04,India
429,Pat Davis,Pat.Davis96@domain.co,24,2024-01-06,Brazil
613,Casey Brown,Casey.Brown20@example.com,28,2021-04-25,USA
927,Alex Rodriguez,Alex.Rodriguez39@test.org,77,2020-01-27,Brazil
935,Robin Taylor,Robin.Taylor61@domain.co,54,2025-09-07,Japan
9,Sam Williams,Sam.Williams88@sample.net,42,2024-04-12,South Korea
157,Avery Miller,Avery.Miller60@sample.net,49,2020-04-04,India
540,Robin Smith,Robin.Smith12@example.com,37,2021-10-24,Brazil
507,Morgan Jones,Morgan.Jones96@domain.co,61,2024-05-16,Brazil
437,Drew Smith,Drew.Smith73@mail.com,62,2022-06-23,UK
267,Jane Anderson,Jane.Anderson23@example.com,72,2025-01-26,Japan
462,Lee Garcia,Lee.Garcia79@mail.com,42,2020-06-28,UK
577,Sam Rodriguez,Sam.Rodriguez18@sample.net,63,2023-03-26,Japan
339,Morgan Wilson,Morgan.Wilson89@mail.com,79,2023-11-05,Australia
256,Casey Rodriguez,Casey.Rodriguez14@domain.co,25,2022-07-24,Japan
803,Chris Miller,chris.miller56samplenet,30,2020-12-13,Japan
877,jane johnson,Jane.Johnson70@example.com,19,2021-06-18,Brazil
666,Robin Wilson,ROBIN.WILSON95@SAMPLE.NET,53,2023-11-29,India
561,Taylor Johnson,,58,2023-01-24,France
209,Pat Anderson,Pat.Anderson99@domain.co,43,2023-08-29,USA
288,JOHN MILLER,John.Miller13@example.com,58,2023-04-10,India
2,sam brown,Sam.Brown29@sample.net,69,2020-01-27,UK
342,Robin Miller,Robin.Miller69@test.org,45,2020-02-22,Japan
270,Drew Thomas,Drew.Thomas74@sample.net,43,2025-07-25,USA
266,Casey Jones,Casey.Jones78@example.com,72,2023-09-04,UK
813,Jordan Martinez,Jordan.Martinez32@test.org,29,2020-06-16,USA
822,John Martinez,John.Martinez83@mail.com,31,2021-04-20,USA
96,Robin Miller,,66,2022-04-28,South Korea
968,John Miller,JOHN.MILLER38@DOMAIN.CO,41,2020-07-01,Australia
43,Avery Anderson,Avery.Anderson61@sample.net,33,2023-02-09,Japan
802,Drew Jones,DREW.JONES80@SAMPLE.NET,18,2025-02-28,Germany
1000,John Anderson,John.Anderson25@domain.co,68,2023-08-18,France
832,John Hernandez,John.Hernandez88@sample.net,63,2021-04-05,Brazil
629,John Thomas,John.Thomas20@example.com,69,2024-11-05,Australia
46,JORDAN GARCIA,Jordan.Garcia54@domain.co,52,2022-06-22,Brazil
162,Alex Anderson,Alex.Anderson42@domain.co,43,2023-05-10,South Korea
728,Jane Taylor,Jane.Taylor65@example.com,22,2025-03-06,France
630,Drew Martinez,Drew.Martinez58@sample.net,54,2024-09-28,India
289,Casey Thomas,Casey.Thomas83@domain.co,41,2024-04-11,Germany
590,Sam Martinez,Sam.Martinez22@example.com,20,2025-03-02,France
929,Jordan Smith,Jordan.Smith70@test.org,61,2024-12-03,South Korea
952,Avery Smith,,40,2022-09-27,Australia
576,Drew Rodriguez,Drew.Rodriguez14@mail.com,80,2024-04-03,France
316,JANE THOMAS,Jane.Thomas56@mail.com,75,2025-06-30,Germany
889,Sam Garcia,,36,2022-05-19,Japan
231,Casey Williams,Casey.Williams63@sample.net,46,2025-06-24,UK
810,Alex Brown,Alex.Brown55@mail.com,68,2021-02-26,Japan
699,Taylor Smith,Taylor.Smith72@example.com,30,2022-03-31,Canada
976,ALEX THOMAS,Alex.Thomas68@sample.net,40,2021-06-06,France
712,Dana Smith,Dana.Smith64@test.org,19,2022-01-05,Brazil
77,Casey Rodriguez,Casey.Rodriguez25@mail.com,32,2024-08-09,USA
634,Jordan Johnson,JORDAN.JOHNSON99@DOMAIN.CO,65,2025-03-10,UK
974,Sam Taylor,Sam.Taylor44@test.org,44,2024-09-20,Japan
248,Sam Rodriguez,Sam.Rodriguez31@sample.net,33,2025-08-08,South Korea
820,Casey Taylor,Casey.Taylor1@mail.com,55,2020-02-06,Japan
477,Avery Williams,Avery.Williams91@test.org,35,2024-08-22,India
671, Jane Martinez ,Jane.Martinez91@domain.co,69,2023-08-05,France
86,Chris Anderson,Chris.Anderson88@example.com,65,2025-07-27,Australia
470,Lee Anderson,Lee.Anderson34@domain.co,57,2023-12-20,UK
226,John Anderson,John.Anderson27@test.org,69,2020-09-13,South Korea
775,Lee Davis,lee.davis51testorg,45,2025-04-23,Germany
332,jane garcia,,53,2020-01-01,India
234,Jane Anderson,Jane.Anderson45@example.com,25,2022-08-28,Canada
589,Robin Anderson,Robin.Anderson46@sample.net,60,2022-09-27,Canada
476,Pat Smith,Pat.Smith20@test.org,39,2024-03-16,Japan
890,Sam Johnson,Sam.Johnson74@sample.net,45,2023-07-25,Germany
870,Avery Martinez,Avery.Martinez13@example.com,24,2021-01-02,USA
600,John Jones,John.Jones93@sample.net,21,2020-12-09,Germany
422,CHRIS HERNANDEZ,Chris.Hernandez73@mail.com,38,2025-04-02,Australia
688, Dana Jones ,Dana.Jones84@example.com,38,2024-11-06,France
183,Dana Rodriguez,DANA.RODRIGUEZ75@SAMPLE.NET,50,2024-12-29,USA
618,Dana Martinez,,34,2025-08-28,South Korea
333,Robin Wilson,Robin.Wilson59@test.org,21,2022-07-02,Brazil
439,Taylor Johnson,Taylor.Johnson56@mail.com,48,2022-03-22,Brazil
50,Morgan Johnson,Morgan.Johnson3@domain.co,26,2025-04-23,India
6,Lee Hernandez,Lee.Hernandez60@sample.net,77,2022-06-18,Germany
530,Jane Martinez,Jane.Martinez68@example.com,73,2025-09-09,Canada
235,Robin Anderson,Robin.Anderson18@mail.com,69,2020-08-31,South Korea
487,Robin Thomas,Robin.Thomas60@mail.com,40,2021-06-05,Japan
904,Jordan Rodriguez,,42,2024-09-26,Canada
498,Alex Garcia,Alex.Garcia78@example.com,72,2022-08-27,Japan
898,Drew Thomas,Drew.Thomas74@sample.net,80,2023-02-23,Germany
107,Alex Jones,,73,2021-08-09,South Korea
444,Pat Rodriguez,Pat.Rodriguez86@example.com,75,2020-06-27,Australia
489,Sam Rodriguez,Sam.Rodriguez56@sample.net,39,2022-08-25,UK
647,avery thomas,Avery.Thomas16@domain.co,34,2023-10-25,Germany
13,Drew Thomas,Drew.Thomas94@sample.net,80,2021-05-30,UK
739,JANE MILLER,Jane.Miller65@domain.co,18,2022-08-10,USA
727,Drew Thomas,Drew.Thomas93@mail.com,44,2021-05-11,Germany
191,Chris Hernandez,Chris.Hernandez76@mail.com,45,2025-07-23,USA
946,Taylor Hernandez,Taylor.Hernandez85@example.com,22,2020-05-24,Germany
833,Alex Johnson,Alex.Johnson47@example.com,56,2021-09-10,UK
283,Casey Smith,Casey.Smith1@example.com,64,2024-09-14,UK
30,Alex Smith,Alex.Smith27@mail.com,40,2024-07-22,South Korea
170,Chris Smith,Chris.Smith62@mail.com,52,2023-01-15,Japan
181,Alex Garcia,Alex.Garcia69@mail.com,61,2020-12-01,Japan
101,Alex Jones,Alex.Jones38@sample.net,45,2021-02-10,India
198,TAYLOR DAVIS,,53,2024-09-06,Australia
496,Pat Davis,PAT.DAVIS17@MAIL.COM,59,2020-03-05,UK
722,John Miller,John.Miller15@mail.com,48,2020-10-08,France
648,Robin Smith,Robin.Smith78@example.com,77,2024-11-28,Brazil
979,Drew Thomas,Drew.Thomas84@sample.net,46,2021-12-24,Japan
933,Drew Hernandez,drew.hernandez21testorg,50,2025-08-23,Canada
711,Jordan Hernandez,Jordan.Hernandez97@example.com,51,2023-12-11,Canada
374,Jane Brown,Jane.Brown77@mail.com,70,2022-01-14,South Korea
679,Avery Rodriguez,,23,2024-06-07,India
885,Alex Brown,Alex.Brown99@domain.co,68,2022-04-23,Brazil
649,Avery Taylor,Avery.Taylor72@example.com,28,2021-04-28,Canada
798,Jordan Martinez,Jordan.Martinez69@example.com,57,2022-02-17,USA
848,Sam Rodriguez,Sam.Rodriguez6@domain.co,48,2020-07-06,USA
461,John Williams,John.Williams42@mail.com,25,2021-01-08,India
414,Jane Jones,Jane.Jones64@mail.com,37,2025-08-03,Germany
132,Alex Smith,ALEX.SMITH58@DOMAIN.CO,23,2020-03-18,Australia
40,sam taylor,Sam.Taylor10@sample.net,58,2022-03-07,France
435,Dana Davis,Dana.Davis63@domain.co,24,2023-05-15,USA
216,Jordan Thomas,Jordan.Thomas89@mail.com,29,2024-06-19,Germany
556,Lee Johnson,Lee.Johnson52@domain.co,46,2024-01-03,India
567,Chris Jones,Chris.Jones13@domain.co,52,2023-08-14,Germany
763,Casey Wilson,casey.wilson82testorg,19,2024-01-15,USA
475,Casey Williams,Casey.Williams53@example.com,37,2023-07-16,Japan
457,Casey Anderson,Casey.Anderson95@sample.net,43,2020-06-06,Japan
812,John Wilson,John.Wilson30@mail.com,48,2020-09-08,Japan
261,Sam Rodriguez,sam.rodriguez85samplenet,72,2023-06-13,India
817,Pat Wilson,Pat.Wilson6@mail.com,53,2022-10-31,Japan
36,Drew Taylor,Drew.Taylor9@test.org,60,2021-05-25,Australia
828,Sam Garcia,SAM.GARCIA2@DOMAIN.CO,42,2020-03-25,India
310,Morgan Johnson,Morgan.Johnson48@test.org,47,2021-04-27,Brazil
277,pat jones,pat.jones62examplecom,39,2022-04-05,UK
637,Jane Smith,Jane.Smith78@sample.net,70,2024-01-17,France
655,Jordan Hernandez,Jordan.Hernandez2@test.org,57,2021-08-24,France
623,jane hernandez,Jane.Hernandez64@example.com,73,2021-08-29,India
836,Casey Anderson,Casey.Anderson94@test.org,38,2021-06-06,UK
845,Chris Johnson,Chris.Johnson29@sample.net,65,2020-11-12,Brazil
394,Taylor Wilson,Taylor.Wilson24@domain.co,32,2021-06-09,USA
942,Avery Brown,Avery.Brown18@example.com,58,2024-03-20,India
108,Morgan Davis,Morgan.Davis49@sample.net,28,2024-02-24,Australia
949, Dana Thomas ,Dana.Thomas49@mail.com,45,2021-07-18,India
525,Robin Thomas,Robin.Thomas18@test.org,68,2022-05-23,USA
785,John Williams,John.Williams11@example.com,41,2021-12-03,France
48,Dana Wilson,Dana.Wilson34@sample.net,47,2023-08-31,Germany
204,Sam Wilson,Sam.Wilson52@sample.net,62,2022-07-14,Australia
930,jane davis,Jane.Davis66@domain.co,48,2023-04-02,Australia
632,Pat Martinez,Pat.Martinez39@mail.com,61,2023-05-15,Canada
22,John Smith,JOHN.SMITH11@MAIL.COM,22,2022-08-21,France
403,Jordan Martinez,Jordan.Martinez41@test.org,63,2022-12-31,South Korea
84, Casey Martinez ,Casey.Martinez87@domain.co,46,2023-11-16,South Korea
131,Drew Smith,Drew.Smith29@example.com,24,2023-10-05,UK
416,Avery Davis,Avery.Davis57@mail.com,20,2022-03-26,Brazil
989,avery anderson,Avery.Anderson23@example.com,34,2024-04-06,South Korea
842,alex johnson,Alex.Johnson61@mail.com,62,2023-05-11,Brazil
742, Robin Davis ,Robin.Davis32@mail.com,76,2022-10-14,Canada
698,John Williams,John.Williams70@mail.com,37,2023-11-05,Australia
287,Jordan Anderson,Jordan.Anderson13@example.com,53,2025-07-03,UK
124,Jordan Martinez,JORDAN.MARTINEZ88@DOMAIN.CO,60,2024-09-30,Japan
34,Taylor Smith,Taylor.Smith14@domain.co,64,2023-07-08,France
981,Taylor Davis,Taylor.Davis94@mail.com,35,2023-07-11,India
517,Drew Davis,Drew.Davis94@example.com,18,2024-04-23,Brazil
924,Robin Williams,Robin.Williams70@domain.co,21,2024-05-27,UK
20,Drew Taylor,Drew.Taylor8@mail.com,42,2022-12-22,Brazil
931,Morgan Johnson,Morgan.Johnson14@sample.net,45,2021-08-29,USA
220,Pat Smith,Pat.Smith11@example.com,60,2023-12-25,UK
892,Dana Smith,Dana.Smith37@mail.com,43,2020-05-31,Japan
720,Sam Davis,SAM.DAVIS82@TEST.ORG,24,2021-12-28,USA
482,Sam Brown,Sam.Brown21@test.org,79,2021-02-23,Canada
357,Alex Rodriguez,Alex.Rodriguez82@mail.com,74,2024-03-08,USA
662,Jordan Hernandez,Jordan.Hernandez72@domain.co,73,2022-12-16,South Korea
225,Drew Anderson,Drew.Anderson30@sample.net,29,2024-11-05,France
760,Dana Rodriguez,Dana.Rodriguez55@test.org,74,2023-11-06,Germany
93,John Jones,John.Jones48@domain.co,65,2021-09-24,France
152,Morgan Jones,Morgan.Jones22@domain.co,56,2023-10-14,South Korea
988,Alex Wilson,Alex.Wilson24@sample.net,30,2020-12-29,Japan
318,Lee Smith,Lee.Smith82@test.org,57,2020-07-18,South Korea
449,Morgan Jones,Morgan.Jones50@example.com,78,2023-02-21,Canada
804,Pat Hernandez,Pat.Hernandez29@sample.net,37,2024-02-01,France
746,Taylor Davis,TAYLOR.DAVIS20@SAMPLE.NET,42,2024-10-16,India
523,CASEY MARTINEZ,Casey.Martinez2@mail.com,75,2023-06-12,India
280,Robin Martinez,Robin.Martinez79@test.org,55,2021-12-19,France
584,Morgan Miller,Morgan.Miller99@sample.net,30,2023-04-17,Brazil
765,Lee Davis,LEE.DAVIS92@DOMAIN.CO,49,2020-12-22,Australia
605,Drew Taylor,drew.taylor78examplecom,71,2020-08-11,Canada
987,Jordan Johnson,Jordan.Johnson81@example.com,58,2020-02-02,Canada
350,Taylor Jones,Taylor.Jones84@example.com,40,2024-12-30,Canada
928,Dana Anderson,Dana.Anderson32@mail.com,19,2025-09-02,Brazil
375,Morgan Rodriguez,Morgan.Rodriguez30@sample.net,24,2020-03-08,Canada
401,Taylor Rodriguez,Taylor.Rodriguez87@domain.co,54,2021-12-15,Australia
705,John Thomas,John.Thomas40@sample.net,69,2024-03-05,UK
258,Taylor Brown,Taylor.Brown65@example.com,69,2020-07-07,France
945,Dana Smith,DANA.SMITH84@EXAMPLE.COM,44,2022-12-04,Canada
852,Pat Rodriguez,Pat.Rodriguez17@test.org,57,2024-10-30,USA
73,Robin Smith,Robin.Smith16@example.com,56,2022-09-07,UK
196,Lee Johnson,Lee.Johnson51@mail.com,67,2023-03-05,France
484,Casey Smith,Casey.Smith55@sample.net,56,2024-12-31,South Korea
856,DANA GARCIA,Dana.Garcia17@sample.net,72,2023-07-08,Germany
138,Jane Anderson,,30,2020-06-20,Germany
495,Sam Davis,Sam.Davis70@mail.com,48,2021-07-23,Canada
773,Dana Miller,Dana.Miller62@mail.com,63,2024-03-22,USA
551,Dana Williams,Dana.Williams37@example.com,36,2025-02-10,UK
463,Drew Miller,Drew.Miller92@example.com,37,2025-01-01,Australia
202,Morgan Martinez,,52,2024-08-11,USA
313,Taylor Martinez,Taylor.Martinez21@sample.net,67,2020-12-26,UK
291,Sam Rodriguez,Sam.Rodriguez61@domain.co,48,2023-05-09,India
961,Drew Smith,Drew.Smith38@test.org,20,2023-01-28,Germany
190,Sam Rodriguez,Sam.Rodriguez94@domain.co,56,2023-08-06,Canada
764,Robin Anderson,Robin.Anderson11@test.org,77,2025-05-04,India
113,Jordan Thomas,Jordan.Thomas55@domain.co,58,2024-09-06,Australia
950,Casey Johnson,Casey.Johnson8@mail.com,55,2020-02-11,Canada
184,Casey Williams,Casey.Williams93@example.com,70,2020-01-13,Canada
153,John Thomas,John.Thomas27@domain.co,58,2020-05-04,Brazil
825,Morgan Jones,Morgan.Jones35@mail.com,69,2024-06-07,UK
326,Avery Davis,Avery.Davis17@example.com,72,2021-10-14,India
704,Lee Williams,,71,2022-12-08,India
45,Lee Brown,Lee.Brown54@sample.net,55,2020-03-21,South Korea
445,Alex Smith,,59,2020-02-04,India
788,Dana Rodriguez,Dana.Rodriguez33@test.org,75,2021-10-30,France
7,Avery Taylor,Avery.Taylor28@domain.co,38,2022-05-20,Brazil
251,Chris Martinez,Chris.Martinez69@domain.co,23,2023-06-23,India
824,John Martinez,John.Martinez3@domain.co,73,2021-03-11,France
76,Chris Taylor,Chris.Taylor37@test.org,55,2025-06-28,UK
513,Lee Williams,Lee.Williams36@sample.net,60,2023-08-17,Australia
941,john taylor,John.Taylor44@mail.com,79,2025-07-25,Canada
392,Taylor Brown,Taylor.Brown64@mail.com,33,2022-12-23,Canada
896,John Hernandez,,21,2023-05-31,India
433,Alex Hernandez,alex.hernandez89testorg,76,2025-09-25,Japan
69,Chris Smith,Chris.Smith98@test.org,66,2021-12-18,Brazil
168,Casey Brown,Casey.Brown99@test.org,62,2025-06-25,Germany
905,Chris Brown,Chris.Brown88@example.com,79,2021-03-30,Canada
731,Chris Johnson,Chris.Johnson20@sample.net,31,2020-05-21,Japan
555,Morgan Anderson,Morgan.Anderson86@mail.com,64,2024-12-15,Germany
367,Dana Martinez,Dana.Martinez98@sample.net,34,2024-02-22,Canada
346,Drew Martinez,Drew.Martinez93@mail.com,29,2020-11-01,UK
585,Casey Rodriguez,Casey.Rodriguez5@sample.net,25,2024-04-20,Brazil
536,John Anderson,John.Anderson98@test.org,36,2021-10-04,South Korea
399,Robin Smith,Robin.Smith93@test.org,37,2022-10-24,Japan
186,Robin Martinez,ROBIN.MARTINEZ49@SAMPLE.NET,79,2021-06-28,Germany
349,Sam Williams,Sam.Williams45@mail.com,60,2023-09-21,Germany
616,Chris Jones,Chris.Jones11@example.com,73,2023-08-17,France
920,Sam Smith,Sam.Smith13@test.org,56,2023-06-26,UK
212,Taylor Taylor,TAYLOR.TAYLOR53@EXAMPLE.COM,40,2021-01-16,South Korea
580,Morgan Martinez,Morgan.Martinez22@example.com,30,2023-10-19,Canada
503,Chris Smith,CHRIS.SMITH95@DOMAIN.CO,49,2020-12-03,UK
538,Lee Davis,Lee.Davis76@mail.com,75,2020-01-21,France
197,Casey Rodriguez,Casey.Rodriguez93@sample.net,38,2022-04-12,Germany
176,Chris Garcia,Chris.Garcia60@test.org,25,2023-09-16,UK
